{"cameraMode":{"drawMode":0,"name":"Shaded","section":"Shading Mode"},"sceneLighting":true,"audioPlay":false,"sceneViewState":{"showFog":false,"showMaterialUpdate":false,"showSkybox":false,"showFlares":false,"showImageEffects":false,"showParticleSystems":false},"in2DMode":false,"pivot":{"x":-0.8170300722122192,"y":0.9868160486221314,"z":0.5108165740966797},"rotation":{"x":-0.03330343961715698,"y":0.0020962057169526817,"z":-0.00006983159983064979,"w":-0.9994432926177979},"size":8.324995040893555,"orthographic":false}